{"cameraMode":{"drawMode":0,"name":"Shaded","section":"Shading Mode"},"sceneLighting":false,"audioPlay":false,"sceneViewState":{"showFog":true,"showMaterialUpdate":false,"showSkybox":false,"showFlares":true,"showImageEffects":true,"showParticleSystems":true,"showVisualEffectGraphs":true,"m_FxEnabled":true},"in2DMode":false,"pivot":{"x":-2.0938830375671388,"y":0.00034224987030029297,"z":18.656726837158204},"rotation":{"x":0.12274332344532013,"y":-0.8615492582321167,"z":0.4254518151283264,"w":0.24851113557815553},"size":12.712719917297364,"orthographic":false}