{"cameraMode":{"drawMode":0,"name":"Shaded","section":"Shading Mode"},"sceneLighting":false,"audioPlay":false,"sceneViewState":{"showFog":true,"showMaterialUpdate":false,"showSkybox":false,"showFlares":true,"showImageEffects":true,"showParticleSystems":true,"showVisualEffectGraphs":true,"m_FxEnabled":true},"in2DMode":false,"pivot":{"x":1075.2484130859375,"y":558.9678955078125,"z":-16.274681091308595},"rotation":{"x":-0.008103338070213795,"y":0.00691961869597435,"z":0.00011708973033819348,"w":1.00005042552948},"size":168.9849395751953,"orthographic":false}