{"cameraMode":{"drawMode":0,"name":"Shaded","section":"Shading Mode"},"sceneLighting":false,"audioPlay":false,"sceneViewState":{"showFog":true,"showMaterialUpdate":false,"showSkybox":false,"showFlares":true,"showImageEffects":true,"showParticleSystems":true,"showVisualEffectGraphs":true,"m_FxEnabled":true},"in2DMode":false,"pivot":{"x":0.9268604516983032,"y":-0.19042342901229859,"z":-0.16498717665672303},"rotation":{"x":0.5207480192184448,"y":-0.10062741488218308,"z":0.06200762838125229,"w":0.8455706834793091},"size":2.70739483833313,"orthographic":false}