{"cameraMode":{"drawMode":0,"name":"Shaded","section":"Shading Mode"},"sceneLighting":false,"audioPlay":false,"sceneViewState":{"showFog":true,"showMaterialUpdate":false,"showSkybox":false,"showFlares":true,"showImageEffects":true,"showParticleSystems":true,"showVisualEffectGraphs":true,"m_FxEnabled":true},"in2DMode":false,"pivot":{"x":-0.5689895153045654,"y":-0.2786962389945984,"z":8.516398429870606},"rotation":{"x":0.014608415775001049,"y":-0.6826509237289429,"z":0.7305819988250732,"w":0.013839451596140862},"size":6.114492893218994,"orthographic":false}