{"cameraMode":{"drawMode":0,"name":"Shaded","section":"Shading Mode"},"sceneLighting":true,"audioPlay":false,"sceneViewState":{"showFog":true,"showMaterialUpdate":false,"showSkybox":true,"showFlares":true,"showImageEffects":true,"showParticleSystems":true},"in2DMode":false,"pivot":{"x":367.89019775390627,"y":243.95924377441407,"z":458.9577331542969},"rotation":{"x":0.020987970754504205,"y":-0.008701599203050137,"z":-0.00018465652829036117,"w":-0.9997446537017822},"size":1038.672607421875,"orthographic":false}