{"cameraMode":{"drawMode":0,"name":"Shaded","section":"Shading Mode"},"sceneLighting":false,"audioPlay":false,"sceneViewState":{"showFog":true,"showMaterialUpdate":false,"showSkybox":false,"showFlares":true,"showImageEffects":true,"showParticleSystems":true},"in2DMode":false,"pivot":{"x":-4.7428507804870609,"y":3.43400239944458,"z":-0.5526528358459473},"rotation":{"x":-0.42031630873680117,"y":-0.007624681107699871,"z":0.003531738417223096,"w":-0.9073402285575867},"size":19.304391860961915,"orthographic":false}