{"cameraMode":{"drawMode":0,"name":"Shaded","section":"Shading Mode"},"sceneLighting":false,"audioPlay":false,"sceneViewState":{"showFog":true,"showMaterialUpdate":false,"showSkybox":false,"showFlares":true,"showImageEffects":true,"showParticleSystems":true},"in2DMode":false,"pivot":{"x":11.870445251464844,"y":-1.0040597915649415,"z":20.247278213500978},"rotation":{"x":-0.10098430514335633,"y":-0.6623995304107666,"z":0.09078134596347809,"w":-0.7367554306983948},"size":21.762142181396486,"orthographic":false}