{"cameraMode":{"drawMode":0,"name":"Shaded","section":"Shading Mode"},"sceneLighting":false,"audioPlay":false,"sceneViewState":{"showFog":true,"showMaterialUpdate":false,"showSkybox":false,"showFlares":true,"showImageEffects":true,"showParticleSystems":true},"in2DMode":false,"pivot":{"x":-4.671333312988281,"y":-3.258908987045288,"z":-3.296266794204712},"rotation":{"x":0.10683167725801468,"y":-0.6942635774612427,"z":0.703923225402832,"w":0.10535126179456711},"size":27.13968276977539,"orthographic":false}